<?xml version="1.0" encoding="ISO-8859-1"?>
<Invoice xmlns="urn:oasis:names:specification:ubl:schema:xsd:Invoice-2" xmlns:cac="urn:oasis:names:specification:ubl:schema:xsd:CommonAggregateComponents-2" xmlns:cbc="urn:oasis:names:specification:ubl:schema:xsd:CommonBasicComponents-2" xmlns:ccts="urn:un:unece:uncefact:documentation:2" xmlns:ds="http://www.w3.org/2000/09/xmldsig#" xmlns:ext="urn:oasis:names:specification:ubl:schema:xsd:CommonExtensionComponents-2" xmlns:qdt="urn:oasis:names:specification:ubl:schema:xsd:QualifiedDatatypes-2" xmlns:sac="urn:sunat:names:specification:ubl:peru:schema:xsd:SunatAggregateComponents-1" xmlns:udt="urn:un:unece:uncefact:data:specification:UnqualifiedDataTypesSchemaModule:2" xmlns:xsi="http://www.w3.org/2001/XMLSchema-instance">
  <ext:UBLExtensions>
    <ext:UBLExtension>
      <ext:ExtensionContent>
      </ext:ExtensionContent>
    </ext:UBLExtension>
    <ext:UBLExtension>
      <ext:ExtensionContent>
        <sac:AdditionalInformation>
          <sac:AdditionalMonetaryTotal>
            <cbc:ID>1002</cbc:ID>
            <cbc:PayableAmount currencyID="PEN">0.00</cbc:PayableAmount>
          </sac:AdditionalMonetaryTotal>
          <sac:AdditionalMonetaryTotal>
            <cbc:ID>1003</cbc:ID>
            <cbc:PayableAmount currencyID="PEN">0.00</cbc:PayableAmount>
          </sac:AdditionalMonetaryTotal>
          <sac:AdditionalMonetaryTotal>
            <cbc:ID>1001</cbc:ID>
            <cbc:PayableAmount currencyID="PEN">10.00</cbc:PayableAmount>
          </sac:AdditionalMonetaryTotal>
          <sac:AdditionalMonetaryTotal>
            <cbc:ID>1004</cbc:ID>
            <cbc:PayableAmount currencyID="PEN">0.00</cbc:PayableAmount>
          </sac:AdditionalMonetaryTotal>
          <sac:AdditionalMonetaryTotal>
            <cbc:ID>1005</cbc:ID>
            <cbc:PayableAmount currencyID="PEN">10.00</cbc:PayableAmount>
          </sac:AdditionalMonetaryTotal>
          <sac:AdditionalMonetaryTotal>
            <cbc:ID>2005</cbc:ID>
            <cbc:PayableAmount currencyID="PEN">0.00</cbc:PayableAmount>
          </sac:AdditionalMonetaryTotal>
        </sac:AdditionalInformation>
      </ext:ExtensionContent>
    </ext:UBLExtension>
  </ext:UBLExtensions>
  <cbc:UBLVersionID>2.0</cbc:UBLVersionID>
  <cbc:CustomizationID>1.0</cbc:CustomizationID>
  <cbc:ID>F100-00000009</cbc:ID>
  <cbc:IssueDate>2017-10-31</cbc:IssueDate>
  <cbc:InvoiceTypeCode>01</cbc:InvoiceTypeCode>
  <cbc:DocumentCurrencyCode>PEN</cbc:DocumentCurrencyCode>
  <cac:Signature>
    <cbc:ID>IDSignKG</cbc:ID>
    <cac:SignatoryParty>
      <cac:PartyIdentification>
        <cbc:ID>20553334919</cbc:ID>
      </cac:PartyIdentification>
      <cac:PartyName>
        <cbc:Name>TAS</cbc:Name>
      </cac:PartyName>
    </cac:SignatoryParty>
    <cac:DigitalSignatureAttachment>
      <cac:ExternalReference>
        <cbc:URI>#SignST</cbc:URI>
      </cac:ExternalReference>
    </cac:DigitalSignatureAttachment>
  </cac:Signature>
  <cac:AccountingSupplierParty>
    <cbc:CustomerAssignedAccountID>20553334919</cbc:CustomerAssignedAccountID>
    <cbc:AdditionalAccountID>6</cbc:AdditionalAccountID>
    <cac:Party>
      <cac:PartyName>
        <cbc:Name>TAS</cbc:Name>
      </cac:PartyName>
      <cac:PostalAddress>
        <cbc:StreetName>TRANSACTION AGENCY SERVICE S.A.C</cbc:StreetName>
        <cbc:CityName>-</cbc:CityName>
        <cbc:CountrySubentity>Lima</cbc:CountrySubentity>
        <cbc:District>LIMA</cbc:District>
        <cac:Country>
          <cbc:IdentificationCode>PE</cbc:IdentificationCode>
        </cac:Country>
      </cac:PostalAddress>
      <cac:PartyLegalEntity>
        <cbc:RegistrationName>TAS</cbc:RegistrationName>
      </cac:PartyLegalEntity>
    </cac:Party>
  </cac:AccountingSupplierParty>
  <cac:AccountingCustomerParty>
    <cbc:CustomerAssignedAccountID>20314514697</cbc:CustomerAssignedAccountID>
    <cbc:AdditionalAccountID>6</cbc:AdditionalAccountID>
    <cac:Party>
      <cac:PartyName>
        <cbc:Name>CONCRETOS TRUJILLO S.R.LTDA.</cbc:Name>
      </cac:PartyName>
      <cac:PostalAddress>
        <cbc:StreetName>JR. LUIS MONTERO NRO. 531 URB. EL BOSQUE </cbc:StreetName>
        <cbc:CityName>TRUJILLO</cbc:CityName>
        <cbc:CountrySubentity>LA LIBERTAD</cbc:CountrySubentity>
        <cbc:District>TRUJILLO</cbc:District>
        <cac:Country>
          <cbc:IdentificationCode>PE</cbc:IdentificationCode>
        </cac:Country>
      </cac:PostalAddress>
      <cac:PartyLegalEntity>
        <cbc:RegistrationName>CONCRETOS TRUJILLO S.R.LTDA.</cbc:RegistrationName>
      </cac:PartyLegalEntity>
    </cac:Party>
  </cac:AccountingCustomerParty>
  <cac:TaxTotal>
    <cbc:TaxAmount currencyID="PEN">1.80</cbc:TaxAmount>
    <cac:TaxSubtotal>
      <cbc:TaxAmount currencyID="PEN">1.80</cbc:TaxAmount>
      <cac:TaxCategory>
        <cac:TaxScheme>
          <cbc:ID>1000</cbc:ID>
          <cbc:Name>IGV</cbc:Name>
          <cbc:TaxTypeCode>VAT</cbc:TaxTypeCode>
        </cac:TaxScheme>
      </cac:TaxCategory>
    </cac:TaxSubtotal>
  </cac:TaxTotal>
  <cac:TaxTotal>
    <cbc:TaxAmount currencyID="PEN">0.00</cbc:TaxAmount>
    <cac:TaxSubtotal>
      <cbc:TaxAmount currencyID="PEN">0.00</cbc:TaxAmount>
      <cac:TaxCategory>
        <cac:TaxScheme>
          <cbc:ID>2000</cbc:ID>
          <cbc:Name>ISC</cbc:Name>
          <cbc:TaxTypeCode>EXC</cbc:TaxTypeCode>
        </cac:TaxScheme>
      </cac:TaxCategory>
    </cac:TaxSubtotal>
  </cac:TaxTotal>
  <cac:LegalMonetaryTotal>
    <cbc:PayableAmount currencyID="PEN">11.80</cbc:PayableAmount>
  </cac:LegalMonetaryTotal>
  <cac:InvoiceLine>
    <cbc:ID>1</cbc:ID>
    <cbc:InvoicedQuantity unitCode="C62">1</cbc:InvoicedQuantity>
    <cbc:LineExtensionAmount currencyID="PEN">10.00</cbc:LineExtensionAmount>
    <cac:PricingReference>
      <cac:AlternativeConditionPrice>
        <cbc:PriceAmount currencyID="PEN">11.80</cbc:PriceAmount>
        <cbc:PriceTypeCode>01</cbc:PriceTypeCode>
      </cac:AlternativeConditionPrice>
    </cac:PricingReference>
    <cac:AllowanceCharge>
      <cbc:ChargeIndicator>false</cbc:ChargeIndicator>
      <cbc:Amount currencyID="PEN">0.00</cbc:Amount>
    </cac:AllowanceCharge>
    <cac:TaxTotal>
      <cbc:TaxAmount currencyID="PEN">1.80</cbc:TaxAmount>
      <cac:TaxSubtotal>
        <cbc:TaxAmount currencyID="PEN">1.80</cbc:TaxAmount>
        <cac:TaxCategory>
          <cbc:TaxExemptionReasonCode>10</cbc:TaxExemptionReasonCode>
          <cac:TaxScheme>
            <cbc:ID>1000</cbc:ID>
            <cbc:Name>IGV</cbc:Name>
            <cbc:TaxTypeCode>VAT</cbc:TaxTypeCode>
          </cac:TaxScheme>
        </cac:TaxCategory>
      </cac:TaxSubtotal>
    </cac:TaxTotal>
    <cac:TaxTotal>
      <cbc:TaxAmount currencyID="PEN">0.00</cbc:TaxAmount>
      <cac:TaxSubtotal>
        <cbc:TaxAmount currencyID="PEN">0.00</cbc:TaxAmount>
        <cac:TaxCategory>
          <cbc:TierRange>01</cbc:TierRange>
          <cac:TaxScheme>
            <cbc:ID>2000</cbc:ID>
            <cbc:Name>ISC</cbc:Name>
            <cbc:TaxTypeCode>EXC</cbc:TaxTypeCode>
          </cac:TaxScheme>
        </cac:TaxCategory>
      </cac:TaxSubtotal>
    </cac:TaxTotal>
    <cac:Item>
      <cbc:Description>dafdsa</cbc:Description>
    </cac:Item>
    <cac:Price>
      <cbc:PriceAmount currencyID="PEN">10.00</cbc:PriceAmount>
    </cac:Price>
  </cac:InvoiceLine>
</Invoice>
